<?xml version="1.0" encoding="UTF-8"?>
<beans xmlns="http://www.springframework.org/schema/beans"
    xmlns:xsi="http://www.w3.org/2001/XMLSchema-instance"
    xmlns:p="http://www.springframework.org/schema/p"
    xmlns:context="http://www.springframework.org/schema/context"
    xsi:schemaLocation="
        http://www.springframework.org/schema/beans
        https://www.springframework.org/schema/beans/spring-beans.xsd
        http://www.springframework.org/schema/context
        https://www.springframework.org/schema/context/spring-context.xsd">
        
        <context:component-scan base-package="com.example"></context:component-scan>
        
        <bean id="viewResolver" class="org.springframework.web.servlet.view.InternalResourceViewResolver">
           <property name="suffix" value=".jsp"></property>
        </bean>
        
        <bean id="ds" class="org.springframework.jdbc.datasource.DriverManagerDataSource">
            <property name="driverClassName" value="com.mysql.jdbc.Driver"></property>
            <property name="url" value="jdbc:mysql://localhost:3306/batch24springmvcxmldemo"></property>
            <property name="username" value="root"></property>
            <property name="password" value="root"></property>
        </bean>
        
        <bean id="sf" class="org.springframework.orm.hibernate5.LocalSessionFactoryBean">
             <property name="dataSource" ref="ds"></property>
             <property name="hibernateProperties">
                <props>
                  <prop key="hibernate.dialect">org.hibernate.dialect.MySQLDialect</prop>
                  <prop key="hibernate.show_sql">true</prop>
                  <prop key="hibernate.hbm2ddl.auto">update</prop>
                </props>
             </property>
             <property name="packagesToScan">
                <value>com.example.entity</value>
             </property>
        </bean>
        
        
        </beans>
       